lon,lat,reg_date,last_date_cutted,square
77.43965,61.609344,2020-03-11,2019-05-25,0.0257
77.43096,61.61037,2020-03-11,2019-06-26,0.0695
77.37526,61.54265,2020-03-11,2019-10-01,0.0097
77.46171,61.62593,2021-03-02,2020-03-24,0.0349
77.431,61.622684,2021-03-02,2020-11-08,0.0199
77.2034,61.4057,2019-03-19,,0.0076
77.134026,61.3597,2019-03-19,,0.006
77.0812,61.2516,2020-03-11,2019-03-22,0.1418
77.15342,61.34381,2020-03-11,2019-04-23,0.053
77.15361,61.343178,2021-03-02,2020-07-13,0.0487
77.141884,61.35828,2021-03-02,2020-09-16,0.0193
77.15701,61.34503,2021-03-02,2020-10-16,0.0302
78.01898,61.583122,2017-02-15,2016-04-20,0.0056
78.123856,61.5955,2019-03-19,,0.1365
78.07734,61.5838,2019-03-19,,0.3626
78.07638,61.5837,2019-03-19,,0.1144
78.09896,61.5837,2019-03-19,,0.0697
78.12958,61.5933,2019-03-19,,0.221
78.13444,61.5923,2019-03-19,,0.3181
78.10027,61.638702,2021-03-02,2020-01-01,0.0108
78.07891,61.583324,2021-03-02,2020-10-02,0.2219
78.087135,61.601894,2021-03-02,2020-11-13,0.0183
78.12431,61.595467,2021-03-02,2020-11-30,0.0998
76.45114,61.289288,2017-02-15,2016-02-03,1.055
76.73919,61.126186,2017-02-15,2016-02-25,0.0058
76.73716,61.104973,2017-02-15,2016-02-29,0.0063
76.538734,61.298576,2017-02-15,2016-03-01,0.1386
76.68519,61.006264,2017-02-15,2016-03-08,0.0071
76.49386,61.16255,2017-02-15,2016-03-15,0.0641
76.822266,61.056355,2017-02-15,2016-03-17,0.0339
76.710304,61.272987,2017-02-15,2016-03-23,0.048
76.67559,61.05318,2017-02-15,2016-03-25,0.0137
76.64699,61.052166,2017-02-15,2016-04-01,0.0148
76.77983,61.209072,2017-02-15,2016-04-14,0.0177
77.0044,61.18319,2017-02-15,2016-05-13,0.027
76.8619,61.22506,2017-02-15,2016-05-24,0.0387
76.82917,61.24731,2017-02-15,2016-05-26,0.1284
76.86107,61.21228,2017-02-15,2016-05-27,0.0591
76.60833,61.094967,2017-02-15,2016-06-01,0.0034
76.532875,61.130474,2017-02-15,2016-06-10,0.0771
76.78513,61.053074,2017-02-15,2016-06-16,0.0576
76.64282,61.087917,2017-02-15,2016-06-20,0.1074
76.98468,61.019535,2017-02-15,2016-06-30,0.064
76.73667,61.0304,2017-02-15,2016-07-04,0.0151
76.75375,61.022537,2017-02-15,2016-07-21,0.0308
76.64259,61.090164,2017-02-15,2016-07-25,0.0705
76.89224,61.163704,2017-02-15,2016-07-29,0.0129
77.032875,61.19877,2017-02-15,2016-08-04,0.0053
76.89344,61.163513,2017-02-15,2016-08-11,0.0154
76.81881,61.256042,2017-02-15,2016-08-13,0.0282
76.64956,61.341877,2017-02-15,2016-08-16,0.1678
76.603195,61.434803,2017-02-15,2016-08-18,0.0035
76.60133,61.39236,2017-02-15,2016-08-19,0.0854
76.62286,61.254864,2017-02-15,2016-08-23,0.4076
76.84122,61.08365,2017-02-15,2016-08-31,0.001
76.77132,61.04603,2017-02-15,2016-09-06,0.2594
76.45569,61.571934,2017-02-15,2016-09-06,0.0563
76.58269,61.168137,2017-02-15,2016-09-06,0.0086
76.31047,61.18984,2017-02-15,2016-09-10,0.106
76.85616,61.05857,2017-02-15,2016-09-12,0.0138
76.77882,61.040478,2017-02-15,2016-09-17,0.014
76.60588,61.154274,2017-02-15,2016-09-18,0.0247
77.00092,61.18228,2017-02-15,2016-09-29,0.0263
76.429985,61.046688,2017-02-15,2016-10-17,0.1251
76.35718,61.324066,2017-02-15,2016-10-25,0.0197
77.02383,61.18854,2017-02-15,2016-10-26,0.0681
76.667725,61.115833,2017-02-15,2016-10-30,0.0814
76.86223,61.234035,2017-02-15,2016-10-30,0.0047
76.48234,61.28354,2017-02-15,2016-11-05,0.0221
76.73538,61.039272,2017-02-15,2016-11-17,0.0135
76.752014,61.027737,2017-02-15,2016-11-21,0.0079
77.02507,61.188885,2017-02-15,2016-11-23,0.2862
76.81545,61.24703,2017-02-15,2016-11-24,0.0695
76.980606,61.156807,2017-02-15,2016-11-24,0.0359
76.72574,61.161823,2017-02-15,2016-11-30,0.0045
76.79786,61.08202,2017-02-15,2016-12-09,0.7348
76.49551,61.11694,2017-02-15,2016-12-15,0.1966
76.85565,61.175293,2017-02-15,2016-12-15,0.0233
76.740265,61.03442,2017-02-15,2016-12-18,0.014
76.75996,61.178356,2017-02-15,,0.0369
76.62066,60.96719,2017-02-15,,0.1154
76.48652,61.020325,2017-02-15,2016-08-30,0.0243
76.82152,61.106464,2018-02-15,2017-01-07,0.021
76.91394,61.165947,2018-02-15,2017-01-09,0.0343
76.93015,61.02897,2018-02-15,2017-01-17,0.0064
76.79679,61.141865,2018-02-15,2017-01-23,0.0248
76.91075,61.04732,2018-02-15,2017-01-24,0.0177
76.872856,61.068436,2018-02-15,2017-01-24,0.0398
76.7355,61.087753,2018-02-15,2017-02-01,0.0882
76.83682,61.24689,2018-02-15,2017-02-06,0.0123
76.83682,61.036213,2018-02-15,2017-02-09,0.0797
76.96061,61.06809,2018-02-15,2017-02-13,0.0082
76.87729,61.01975,2018-02-15,2017-02-23,0.0118
77.0246,61.18875,2018-02-15,2017-03-01,0.0329
76.40519,61.34697,2018-02-15,2017-03-02,0.1472
76.76636,61.05739,2018-02-15,2017-03-02,0.0608
76.48905,61.265667,2018-02-15,2017-03-06,0.0059
76.81007,61.146385,2018-02-15,2017-03-13,0.0171
76.68429,61.269012,2018-02-15,2017-03-21,0.0489
76.51236,61.024117,2018-02-15,2017-03-24,0.0075
76.861725,61.099384,2018-02-15,2017-03-25,0.2843
76.455376,61.043087,2018-02-15,2017-04-15,0.0203
76.6115,61.074463,2018-02-15,2017-04-17,0.1628
76.85327,61.064915,2018-02-15,2017-04-23,0.0189
76.98255,61.009464,2018-02-15,2019-08-17,0.0652
76.92014,61.078613,2018-02-15,2017-05-03,0.0034
76.73166,61.168255,2018-02-15,2017-05-07,0.048
76.41531,61.01686,2018-02-15,2017-05-10,0.1274
76.41118,61.240196,2018-02-15,2017-05-13,0.1454
76.81613,61.19065,2018-02-15,2017-05-21,0.0131
76.858055,61.17428,2018-02-15,2017-06-10,0.0062
76.87416,61.03296,2018-02-15,2017-06-15,0.1355
76.89252,61.0724,2018-02-15,2017-06-20,0.0287
76.43604,61.1936,2018-02-15,2017-06-20,0.0097
76.480896,61.193485,2018-02-15,2017-06-23,0.0084
76.906296,61.09624,2018-02-15,2017-06-23,0.0385
76.53498,61.131294,2018-02-15,2017-06-26,0.0294
76.96857,61.15851,2018-02-15,2017-06-27,0.0298
76.45676,61.287437,2018-02-15,2017-07-07,0.7653
76.88871,61.23031,2018-02-15,2017-07-11,0.025
76.92638,61.048664,2018-02-15,2017-07-24,0.1463
76.41213,61.350895,2018-02-15,2017-07-26,0.0907
76.84342,61.04328,2018-02-15,2017-07-27,0.0851
76.814415,61.247,2018-02-15,2017-08-05,0.0882
76.93243,61.225113,2018-02-15,2017-08-06,0.1173
76.93242,61.22511,2018-02-15,2017-08-07,0.0011
76.62636,61.09502,2018-02-15,2017-08-11,0.0687
76.637436,61.053818,2018-02-15,2017-08-16,0.0866
77.04008,61.20111,2018-02-15,2017-08-18,0.0239
77.4228,61.303333,2018-02-15,2017-08-19,0.002
76.75799,61.005623,2018-02-15,2017-08-24,0.0454
76.58096,61.114994,2018-02-15,2017-08-25,0.0084
76.85386,61.145336,2018-02-15,2017-08-29,0.0263
76.59786,61.14787,2018-02-15,2017-08-30,0.0663
76.50153,61.161556,2018-02-15,2017-08-30,0.0384
76.83362,61.033802,2018-02-15,2017-09-09,0.0183
76.526184,61.17717,2018-02-15,2018-12-09,0.9297
76.84894,61.020245,2018-02-15,2017-09-28,0.0132
76.65642,61.294888,2018-02-15,2017-09-28,0.0301
76.889755,61.2301,2018-02-15,2017-10-04,0.0451
76.73371,61.068203,2018-02-15,2017-10-07,0.0917
76.70239,61.06818,2018-02-15,2017-10-17,0.0089
76.82045,61.20681,2018-02-15,2017-10-23,0.0343
76.81593,61.10547,2018-02-15,2017-10-26,0.0142
76.7808,61.008144,2018-02-15,2017-10-27,0.0002
76.96577,61.153877,2018-02-15,2017-11-05,0.0035
76.801285,61.010296,2018-02-15,2017-11-09,0.0451
76.70886,61.073837,2018-02-15,2017-11-22,0.0236
76.83756,61.089657,2018-02-15,2017-11-24,0.0139
76.5678,61.32198,2018-02-15,2017-12-02,0.1542
76.96579,61.153877,2018-02-15,2017-12-07,0.0065
76.694756,61.16726,2018-02-15,2017-12-07,0.1829
76.6373,61.197334,2018-02-15,2017-12-18,0.0726
76.692825,61.25295,2018-02-15,2017-12-26,0.0397
76.76353,61.26066,2018-02-15,2017-12-27,0.0872
76.45676,61.287308,2018-02-15,2017-12-29,0.1254
76.5495,61.3185,2018-02-15,2018-12-26,1.7674
76.86611,61.179253,2019-03-19,2018-01-03,0.1589
76.62194,61.18665,2019-03-19,2018-01-08,0.0021
76.86039,61.187656,2019-03-19,2018-01-11,0.0582
76.6907,61.24929,2019-03-19,2018-01-11,0.328
76.655655,61.171165,2019-03-19,2018-01-15,0.0317
76.76638,61.057087,2019-03-19,2018-01-18,0.0096
76.8336,61.030197,2019-03-19,2018-01-23,0.025
76.44728,61.177155,2019-03-19,2018-01-26,0.0297
76.92938,61.223793,2019-03-19,2018-01-28,0.1805
76.78081,61.008156,2019-03-19,2018-02-04,0.066
76.77822,61.1169,2019-03-19,2018-02-07,0.0262
76.413,61.03224,2019-03-19,2018-02-08,0.1192
76.46331,61.20373,2019-03-19,2018-02-12,0.1319
76.37886,61.04549,2019-03-19,2018-02-14,0.098
76.700714,61.243183,2019-03-19,2018-02-17,0.0998
76.58246,61.140587,2019-03-19,2018-02-20,0.0165
76.79891,61.196915,2019-03-19,2018-03-02,0.0688
76.694885,61.03617,2019-03-19,2018-03-09,0.0707
76.604774,61.155083,2019-03-19,2018-03-11,0.0343
76.87533,61.200237,2019-03-19,2018-03-14,0.019
76.4369,61.138138,2019-03-19,2018-03-15,0.196
76.87625,61.096195,2019-03-19,2018-03-24,0.0039
76.7659,61.044167,2019-03-19,2018-03-27,0.0055
76.637024,61.090183,2019-03-19,2018-03-30,0.0312
76.84932,61.02029,2019-03-19,2018-04-02,0.007
76.358505,61.20724,2019-03-19,2018-04-06,0.0263
76.778305,61.116924,2019-03-19,2018-04-10,0.0084
76.82235,61.221233,2019-03-19,2018-04-25,0.0584
76.61771,61.20917,2019-03-19,2018-05-02,0.0222
76.88595,61.165333,2019-03-19,2018-05-07,0.0121
76.878235,61.08389,2019-03-19,2018-05-08,0.0106
76.97775,61.1573,2019-03-19,2018-05-13,0.2122
76.50458,61.16202,2019-03-19,2018-05-15,0.0497
76.65878,61.14511,2019-03-19,2018-05-16,0.0159
76.46658,61.287075,2019-03-19,2018-05-16,0.0061
76.63817,61.19446,2019-03-19,2018-05-25,0.0485
76.41218,61.031925,2019-03-19,2018-05-27,0.0347
76.41176,61.045612,2019-03-19,2018-05-29,0.0052
76.61222,61.076157,2019-03-19,2018-06-04,0.0068
76.63059,61.22691,2019-03-19,2018-06-04,0.0402
76.47162,61.292088,2019-03-19,2018-06-07,0.0094
76.81215,61.070335,2019-03-19,2018-06-08,0.0309
76.54407,61.026413,2019-03-19,2018-06-09,0.0426
76.87567,61.065533,2019-03-19,2018-06-09,0.0198
76.90523,61.166805,2019-03-19,2018-06-13,0.1431
76.50827,61.019894,2019-03-19,2018-06-14,0.0547
76.52461,60.992157,2019-03-19,2018-06-15,0.0122
76.69514,61.036118,2019-03-19,2018-06-18,0.0167
76.9026,61.053898,2019-03-19,2018-06-27,0.1423
76.4866,61.15538,2019-03-19,2018-06-27,0.0298
76.8791,61.21544,2019-03-19,2018-07-03,0.0323
76.79771,61.196495,2019-03-19,2018-07-05,0.025
76.73756,61.185745,2019-03-19,2018-07-10,0.0537
76.64043,61.23373,2019-03-19,2018-07-16,0.2613
76.46567,61.20432,2019-03-19,2018-07-16,0.252
76.648155,61.14305,2019-03-19,2018-07-18,0.1191
76.43608,61.193512,2019-03-19,2018-07-19,0.0359
76.82806,61.03345,2019-03-19,2018-07-25,0.1172
76.721,61.148,2019-03-19,2018-07-27,0.3483
76.46487,61.204124,2019-03-19,2018-07-29,0.2539
76.61284,61.09779,2019-03-19,2018-07-29,0.1363
76.30953,61.19199,2019-03-19,2018-07-30,0.0192
76.463974,61.203903,2019-03-19,2018-08-02,0.1699
76.9432,61.031868,2019-03-19,2018-08-06,0.0456
76.540054,61.316257,2019-03-19,2018-08-09,0.0519
76.56495,61.109116,2019-03-19,2018-08-10,0.2376
76.756996,61.105225,2019-03-19,2018-08-13,0.0019
76.61449,61.248917,2019-03-19,2018-08-15,0.0243
76.796364,61.071056,2019-03-19,2018-08-17,0.0147
76.50946,61.26404,2019-03-19,2018-08-22,0.112
76.74359,61.056282,2019-03-19,2018-08-28,0.1474
76.410576,61.031696,2019-03-19,2018-08-30,0.1576
76.63059,61.22707,2019-03-19,2018-09-03,0.0194
76.9312,61.05635,2019-03-19,2018-09-03,0.0043
76.76481,61.04399,2019-03-19,2018-09-03,0.2669
76.613014,61.097622,2019-03-19,2018-09-06,0.0074
76.67546,61.233654,2019-03-19,2018-09-17,0.0218
76.73424,61.03888,2019-03-19,2018-09-19,0.0059
76.81383,61.247425,2019-03-19,2018-09-27,0.0118
76.96619,61.153824,2019-03-19,2018-10-03,0.0328
76.85574,61.123383,2019-03-19,2018-10-07,0.0202
77.05083,61.192097,2019-03-19,2018-10-07,0.0285
76.90992,61.162643,2019-03-19,2018-10-11,0.0352
76.561516,61.110268,2019-03-19,2018-10-12,0.0198
76.612854,61.15993,2019-03-19,2018-10-17,0.0294
76.83697,61.24661,2019-03-19,2018-10-17,0.0442
76.66282,61.09806,2019-03-19,2018-10-18,0.1571
76.7178,61.128464,2019-03-19,2018-10-22,0.0103
76.49949,61.294586,2019-03-19,2018-10-24,0.3155
76.928764,61.149986,2019-03-19,2018-10-25,0.0201
76.56163,61.137142,2019-03-19,2018-10-27,0.01
76.92385,61.094124,2019-03-19,2018-10-28,0.0208
76.58614,61.16707,2019-03-19,2018-10-31,0.4365
76.65771,61.09752,2019-03-19,2018-11-01,0.0395
76.94944,61.19174,2019-03-19,2018-11-05,0.1458
76.733376,61.16775,2019-03-19,2018-11-07,0.0183
76.44908,61.01722,2019-03-19,2018-11-10,0.2541
76.45393,61.02098,2019-03-19,2018-11-11,0.0193
76.67275,61.057556,2019-03-19,2018-11-16,0.0082
76.787315,61.058605,2019-03-19,2018-11-16,0.0083
76.77121,61.059254,2019-03-19,2018-11-17,0.008
76.91013,61.047504,2019-03-19,2018-11-21,0.24
77.04032,61.20114,2019-03-19,2018-11-23,0.0489
76.77936,61.007687,2019-03-19,2018-11-26,0.2318
76.88399,61.093693,2019-03-19,2018-12-03,0.1201
76.961105,61.176605,2019-03-19,2018-12-06,0.006
76.64565,61.164772,2019-03-19,2018-12-17,0.0189
76.54888,61.312645,2019-03-19,2018-12-17,0.194
76.84788,61.019196,2019-03-19,2018-12-18,0.2593
76.81348,61.132862,2019-03-19,2018-12-20,0.0197
76.84801,61.01925,2019-03-19,2018-12-27,0.2672
76.63705,61.090183,2019-03-19,2018-12-29,0.0025
76.51634,61.03121,2019-03-19,2018-03-26,0.1418
76.56863,61.22272,2019-03-19,,0.0692
76.57001,61.22412,2019-03-19,,0.8846
76.57066,61.22457,2019-03-19,,0.3005
76.76028,61.26785,2019-03-19,,0.2776
76.60889,61.09929,2019-03-19,,0.0049
76.70134,61.2455,2019-03-19,,0.0456
76.71265,61.2414,2019-03-19,,2.6979
76.64758,61.2351,2019-03-19,,0.0145
76.64652,61.2341,2019-03-19,,0.1306
76.69739,61.2473,2019-03-19,,0.3806
76.635056,61.073055,2019-03-19,,0.097
76.5288,61.24416,2019-03-19,,0.2046
76.56714,61.2862,2019-03-19,,0.1359
76.56904,61.28711,2019-03-19,,0.1765
76.69366,61.29034,2019-03-19,,1.2708
76.73729,61.19476,2019-03-19,,0.2362
76.714775,61.2396,2019-03-19,,0.0972
76.733665,61.2608,2019-03-19,,0.093
76.73309,61.26085,2019-03-19,,0.0199
76.56098,61.2687,2019-03-19,,0.127
76.646965,61.2333,2019-03-19,,0.0033
76.55228,61.23985,2019-03-19,,0.0072
76.552444,61.24022,2019-03-19,,0.0146
76.55225,61.23952,2019-03-19,,0.0085
76.552216,61.24002,2019-03-19,,0.1042
76.641495,61.23391,2019-03-19,,0.719
76.64157,61.23428,2019-03-19,,0.6203
76.65308,61.23233,2019-03-19,,0.1213
76.73922,61.1993,2019-03-19,,0.0229
76.64594,61.23395,2019-03-19,,0.0108
76.76271,61.23676,2019-03-19,,0.142
76.76851,61.23877,2019-03-19,,1.4157
76.582085,61.26886,2019-03-19,,0.1007
76.44088,61.05784,2019-03-19,,0.0557
76.48295,61.02569,2019-03-19,,0.1064
76.74463,61.1834,2019-03-19,,0.2735
76.71113,61.24277,2019-03-19,,0.743
76.71155,61.23499,2019-03-19,,0.2601
76.72009,61.24509,2019-03-19,,0.1123
76.68827,61.2459,2019-03-19,,0.1114
76.696556,61.20354,2019-03-19,,0.0093
76.69701,61.20377,2019-03-19,,0.0116
76.567505,61.22392,2019-03-19,,0.0115
76.56477,61.22354,2019-03-19,,0.0501
76.707794,61.24459,2019-03-19,,0.2071
76.74332,61.19123,2019-03-19,,0.0867
76.56674,61.22087,2019-03-19,,0.1237
76.755844,61.17801,2019-03-19,,0.0098
76.76266,61.18,2019-03-19,,0.0818
76.76309,61.1799,2019-03-19,,0.0474
76.76244,61.1802,2019-03-19,,0.1064
76.774536,61.2423,2019-03-19,,0.3329
76.56738,61.22213,2019-03-19,,0.0246
76.71696,61.2357,2019-03-19,,0.2779
76.56901,61.22547,2019-03-19,,0.3158
76.572685,61.2079,2019-03-19,,0.011
76.70492,61.23815,2019-03-19,,0.1503
76.61442,61.22855,2019-03-19,,0.0285
76.71325,61.24438,2019-03-19,,0.0031
76.567764,61.22387,2019-03-19,,0.6243
76.56735,61.22129,2019-03-19,,0.0319
76.715546,61.26406,2019-03-19,,0.0134
76.72767,61.2603,2019-03-19,,0.0845
76.65104,61.22038,2019-03-19,,0.0338
76.684166,61.301,2019-03-19,,0.0032
76.71836,61.24505,2019-03-19,,0.033
76.718094,61.24491,2019-03-19,,0.0787
76.70846,61.24474,2019-03-19,,0.9724
76.69424,61.2584,2019-03-19,,0.0111
76.70989,61.24389,2019-03-19,,1.5589
76.76547,61.23873,2019-03-19,,0.5996
76.742966,61.23964,2019-03-19,,0.1695
76.73717,61.26381,2019-03-19,,1.9108
76.748505,61.24348,2019-03-19,,0.0762
76.749886,61.263,2019-03-19,,0.0101
76.77404,61.23928,2019-03-19,,0.1655
76.71006,61.24593,2019-03-19,,0.8913
76.71872,61.24427,2019-03-19,,0.0303
76.71565,61.2638,2019-03-19,,0.0022
76.74798,61.24408,2019-03-19,,0.0752
76.70953,61.2361,2019-03-19,,0.0662
76.67559,61.22623,2019-03-19,,0.1285
76.7486,61.24498,2019-03-19,,0.0305
76.71509,61.24036,2019-03-19,,0.1807
76.71299,61.24287,2019-03-19,,0.1318
76.745575,61.2645,2019-03-19,,0.8982
76.72834,61.2597,2019-03-19,,0.332
76.77861,61.2409,2019-03-19,,0.0174
76.77827,61.2406,2019-03-19,,0.0259
76.7041,61.24191,2019-03-19,,0.0074
76.716194,61.24454,2019-03-19,,0.2582
76.64341,61.28786,2019-03-19,,0.0032
76.68683,61.3061,2019-03-19,,0.0673
76.64821,61.23285,2019-03-19,,0.0091
76.73434,61.2045,2019-03-19,,0.0249
76.616425,61.23519,2019-03-19,,0.0302
76.62449,61.2336,2019-03-19,,0.0014
76.62484,61.2336,2019-03-19,,0.0048
76.69683,61.20414,2019-03-19,,0.0078
76.69723,61.20485,2019-03-19,,0.0061
76.64175,61.23085,2019-03-19,,0.016
76.64175,61.23085,2019-03-19,,0.0488
76.69224,61.21124,2019-03-19,,0.0109
76.61429,61.23433,2019-03-19,,0.04
76.5691,61.22503,2019-03-19,,1.9213
76.7437,61.18362,2019-03-19,,0.5191
76.75645,61.26664,2019-03-19,,0.2139
76.730515,61.26254,2019-03-19,,5.9508
76.71102,61.23986,2019-03-19,,0.0226
76.74773,61.263,2019-03-19,,4.4204
76.6696,61.23806,2019-03-19,,0.0743
76.752975,61.26443,2019-03-19,,1.3236
76.72029,61.24691,2019-03-19,,0.0051
76.73916,61.18619,2019-03-19,,0.0287
76.739845,61.19118,2019-03-19,,0.0068
76.74199,61.23116,2019-03-19,,0.0339
76.733505,61.1925,2019-03-19,,0.0238
76.65198,61.23252,2019-03-19,,0.0601
76.711845,61.21591,2019-03-19,,0.0271
76.7512,61.18953,2019-03-19,,0.0232
76.73238,61.19602,2019-03-19,,0.0644
76.75413,61.2652,2019-03-19,,0.0125
76.7575,61.26759,2019-03-19,,0.1429
76.63392,61.22328,2019-03-19,,0.0198
76.67399,61.071,2019-03-19,,0.0426
76.67528,61.071,2019-03-19,,0.0221
76.72276,61.0334,2019-03-19,,0.073
76.64874,61.06787,2019-03-19,,1.4512
76.62811,61.0856,2019-03-19,,0.0414
76.68179,61.0944,2019-03-19,,0.0527
76.72226,61.0595,2019-03-19,,0.1373
76.73052,61.06564,2019-03-19,,0.0314
76.678024,61.0943,2019-03-19,,0.024
76.73178,61.06606,2019-03-19,,0.0415
76.73932,61.0408,2019-03-19,,0.0122
76.6963,61.0434,2019-03-19,,0.0297
76.76072,61.0046,2019-03-19,,0.0419
76.68409,61.0701,2019-03-19,,0.3797
76.47468,61.03925,2019-03-19,,0.1664
76.5074,61.02874,2019-03-19,,0.0269
76.74535,60.9899,2019-03-19,,0.0251
76.717,61.049,2019-03-19,,0.0297
76.65108,61.0881,2019-03-19,,0.0302
76.69178,61.04355,2019-03-19,,0.1426
76.72963,61.06525,2019-03-19,,0.1728
76.712,61.0486,2019-03-19,,0.0133
76.72263,61.03787,2019-03-19,,0.0841
76.61519,61.1072,2019-03-19,,0.6668
76.713486,61.0869,2019-03-19,,0.2873
76.73609,61.0521,2019-03-19,,0.0178
76.72175,61.0617,2019-03-19,,0.0084
76.64721,61.1692,2019-03-19,,0.6304
76.844025,61.15624,2019-03-19,,0.6593
76.890434,61.17595,2019-03-19,,0.0158
76.88033,61.203,2019-03-19,,0.0906
76.866745,61.2255,2019-03-19,,0.1222
76.86493,61.2248,2019-03-19,,0.1534
76.87297,61.2268,2019-03-19,,0.0571
76.88838,61.17622,2019-03-19,,0.0123
76.88505,61.1947,2019-03-19,,0.0424
76.88422,61.2035,2019-03-19,,0.0179
76.89694,61.1773,2019-03-19,,0.1175
76.894485,61.1743,2019-03-19,,0.0413
76.89033,61.1922,2019-03-19,,2.2002
76.865425,61.2252,2019-03-19,,0.0192
76.866325,61.2251,2019-03-19,,0.0414
76.88427,61.2032,2019-03-19,,0.0421
76.87167,61.2264,2019-03-19,,0.2598
76.89668,61.1767,2019-03-19,,0.1372
76.889915,61.17602,2019-03-19,,0.0075
76.885315,61.1944,2019-03-19,,0.063
76.87053,61.2263,2019-03-19,,0.0899
76.522896,61.3153,2019-03-19,,0.2697
76.52487,61.31572,2019-03-19,,0.0535
76.47636,61.298,2019-03-19,,0.1001
76.58796,61.3256,2019-03-19,,0.0422
76.48909,61.16081,2019-03-19,,0.0144
76.460075,61.33364,2019-03-19,,8.2117
76.87884,61.117233,2019-03-19,,0.1175
76.92726,61.251293,2019-03-19,,0.0532
76.88741,61.176487,2019-03-19,,0.0454
76.90398,61.171272,2019-03-19,,0.0724
76.90317,61.241398,2019-03-19,,0.0083
76.931465,61.200684,2019-03-19,,0.5412
76.92821,61.202606,2019-03-19,,0.0149
76.91898,61.248035,2019-03-19,,0.0156
76.92479,61.20196,2019-03-19,,0.0783
76.926056,61.20216,2019-03-19,,0.0702
76.92607,61.204334,2019-03-19,,0.0034
76.91736,61.248917,2019-03-19,,0.0335
76.903786,61.172054,2019-03-19,,0.1913
76.89518,61.174915,2019-03-19,,1.1397
76.38272,61.342247,2019-03-19,,0.0198
76.40946,61.127342,2019-03-19,,1.1696
76.314415,61.27945,2019-03-19,,0.1871
76.503654,61.353355,2019-03-19,,0.1255
76.83899,61.14283,2019-03-19,,0.0239
76.79543,61.14132,2019-03-19,,0.0007
76.7347,61.156887,2019-03-19,,0.1504
76.845055,61.15833,2019-03-19,,0.0093
76.88947,61.112503,2019-03-19,,0.0347
76.710495,61.16246,2019-03-19,,0.0179
76.730156,61.171127,2019-03-19,,0.0161
76.72986,61.17087,2019-03-19,,0.0712
76.78001,61.15512,2019-03-19,,0.0116
76.84048,61.14222,2019-03-19,,0.0044
76.841095,61.14214,2019-03-19,,0.0094
76.83987,61.144524,2019-03-19,,0.0416
76.84028,61.14237,2019-03-19,,0.047
76.83771,61.171192,2019-03-19,,0.0417
76.734665,61.156162,2019-03-19,,0.0458
76.84671,61.158623,2019-03-19,,0.0881
76.72939,61.171032,2019-03-19,,0.0297
76.86382,61.08366,2019-03-19,,0.6872
76.866974,61.084766,2019-03-19,,0.2104
76.86018,61.09804,2019-03-19,,0.803
76.82176,61.041344,2019-03-19,,0.0736
76.82165,61.041103,2019-03-19,,0.2199
76.84961,61.15394,2019-03-19,,0.0257
76.877426,61.160645,2019-03-19,,0.0306
76.84344,61.15453,2019-03-19,,0.1447
76.92564,61.250553,2019-03-19,,0.0526
76.96577,61.257305,2019-03-19,,0.5263
76.971886,61.19693,2019-03-19,,0.0969
76.95433,61.176373,2019-03-19,,0.0428
76.87381,61.058937,2019-03-19,,0.0541
76.843315,61.04127,2019-03-19,,0.0587
76.88784,61.03128,2019-03-19,,0.6828
76.84138,61.012245,2019-03-19,,0.0483
76.88381,61.062153,2019-03-19,,0.1435
76.587585,61.131374,2019-03-19,,0.0143
76.85297,61.17393,2019-03-19,,0.0858
76.88032,61.18382,2019-03-19,,0.0479
76.8867,61.175793,2019-03-19,,0.1872
76.38075,61.254105,2019-03-19,,0.1125
76.65847,61.131084,2019-03-19,,0.1452
76.50439,61.176003,2019-03-19,,0.014
76.46883,61.15411,2019-03-19,,0.0146
76.42566,61.243202,2019-03-19,,0.0305
76.477264,61.1464,2019-03-19,,0.3821
76.890366,61.04976,2019-03-19,,0.0416
76.38384,61.17821,2019-03-19,,0.0817
76.53074,61.270844,2019-03-19,,0.053765565
76.52736,61.311752,2019-03-19,,0.0107
76.4966,61.342503,2019-03-19,,0.9426
76.501205,61.354713,2019-03-19,,0.2641
76.52848,61.271774,2019-03-19,,0.1853
76.46045,61.301014,2019-03-19,,0.7695
76.46335,61.302357,2019-03-19,,1.1427
76.46567,61.30179,2019-03-19,,0.203
76.46338,61.306427,2019-03-19,,3.1208
76.52598,61.27346,2019-03-19,,0.8755
76.533,61.268505,2019-03-19,,0.0772
76.53383,61.2682,2019-03-19,,0.2161
76.42705,61.238018,2019-03-19,,0.1018
76.53173,61.268642,2019-03-19,,0.2619
76.44942,61.29721,2019-03-19,,0.2013
76.44887,61.297073,2019-03-19,,0.0194
76.38113,61.25317,2019-03-19,,0.0102
76.53416,61.266632,2019-03-19,,0.0402
76.47165,61.33499,2019-03-19,,2.1975
76.531746,61.270462,2019-03-19,,2.5963
76.493164,61.268394,2019-03-19,,0.3903
76.45571,61.2525,2019-03-19,,0.0282
76.44468,61.25124,2019-03-19,,0.2121
76.49303,61.2503,2019-03-19,,0.0031
76.441826,61.2523,2019-03-19,,0.0462
76.471,61.263515,2019-03-19,,0.3287
76.492966,61.251026,2019-03-19,,0.0091
76.49611,61.29305,2019-03-19,,0.3661
76.496864,61.286858,2019-03-19,,0.1269
76.47819,61.274887,2019-03-19,,0.1127
76.273254,61.187378,2019-03-19,,0.0071
76.48708,61.278564,2019-03-19,,0.3684
76.4186,61.225918,2019-03-19,,0.0169
76.48699,61.279327,2019-03-19,,0.1627
76.45425,61.256786,2019-03-19,,0.1636
76.45023,61.317883,2019-03-19,,0.6829
76.48712,61.28356,2019-03-19,,0.0234
76.49388,61.29154,2019-03-19,,0.2291
76.487045,61.27889,2019-03-19,,0.1001
76.52155,61.099987,2019-03-19,,0.0472
76.45597,61.154633,2019-03-19,,0.0924
76.528755,61.140312,2019-03-19,,0.2632
76.8912,61.18535,2019-03-19,,0.1787
76.84373,61.235928,2019-03-19,,0.0845
76.85972,61.22529,2019-03-19,,0.0579
76.86647,61.24788,2019-03-19,,0.0485
76.86114,61.21321,2019-03-19,,0.0086
76.86128,61.217037,2019-03-19,,0.2749
76.89909,61.1738,2019-03-19,,0.0195
76.89926,61.173504,2019-03-19,,0.0862
76.88328,61.177574,2019-03-19,,0.0042
76.87752,61.18303,2019-03-19,,0.2553
76.8827,61.177643,2019-03-19,,0.0067
76.883064,61.177006,2019-03-19,,0.0595
76.88208,61.177704,2019-03-19,,0.0111
76.87984,61.179054,2019-03-19,,0.4534
76.889534,61.164845,2019-03-19,,0.0449
76.78608,61.19374,2019-03-19,,0.1293
76.95442,61.132,2019-03-19,,0.0053
76.79,61.199097,2019-03-19,,0.1016
76.81339,61.186623,2019-03-19,,0.0072
76.58568,61.129147,2019-03-19,,0.026
76.582504,61.132496,2019-03-19,,0.4331
76.588295,61.129356,2019-03-19,,0.36
76.58692,61.131393,2019-03-19,,0.0262
76.585236,61.128445,2019-03-19,,0.037
76.58906,61.121338,2019-03-19,,0.8278
76.62028,61.120903,2019-03-19,,0.1434
76.56683,61.16647,2019-03-19,,0.2038
76.611046,61.151173,2019-03-19,,0.1917
76.57606,61.17413,2019-03-19,,0.4639
76.61198,61.179703,2019-03-19,,0.0574
76.61832,61.18129,2019-03-19,,0.0119
76.61883,61.181316,2019-03-19,,0.4228
76.6155,61.18077,2019-03-19,,0.0126
76.57621,61.17195,2019-03-19,,0.1151
76.57649,61.17453,2019-03-19,,0.0659
76.64113,61.194126,2019-03-19,,0.0298
76.64297,61.190662,2019-03-19,,0.0433
76.6423,61.177746,2019-03-19,,0.0929
76.62219,61.177124,2019-03-19,,0.0349
76.64389,61.177845,2019-03-19,,0.0459
76.62079,61.177685,2019-03-19,,0.0577
76.621735,61.17751,2019-03-19,,0.1126
76.609,61.18216,2019-03-19,,0.0938
76.64187,61.193085,2019-03-19,,0.1394
76.64416,61.16889,2019-03-19,,0.0182
76.636,61.137863,2019-03-19,,0.2244
76.89422,61.183514,2019-03-19,,0.0867
76.89481,61.182198,2019-03-19,,0.4288
76.8653,61.125362,2019-03-19,,0.0276
76.89348,61.183186,2019-03-19,,0.1085
76.95152,61.153294,2019-03-19,,0.2151
77.04577,61.195026,2019-03-19,,0.0753
76.88075,61.183846,2019-03-19,,0.0083
76.908005,61.172287,2019-03-19,,0.0922
76.90824,61.17289,2019-03-19,,0.2871
76.88752,61.17518,2019-03-19,,0.0532
76.82729,61.223747,2019-03-19,,0.0652
76.9203,61.249817,2019-03-19,,1.2329
76.77596,61.229664,2019-03-19,,0.0164
76.80384,61.253014,2019-03-19,,0.0048
76.88602,61.193253,2019-03-19,,0.4242
76.88193,61.18925,2019-03-19,,0.0044
76.88171,61.1865,2019-03-19,,0.5087
76.90037,61.1862,2019-03-19,,0.2932
76.53455,61.175037,2019-03-19,,0.0163
76.44884,61.17882,2019-03-19,,0.0399
76.47285,61.209038,2019-03-19,,0.316
76.47455,61.210014,2019-03-19,,0.8153
76.67351,61.185722,2019-03-19,,0.1057
76.68404,61.169514,2019-03-19,,0.1586
76.66251,61.164192,2019-03-19,,0.0606
76.669,61.18529,2019-03-19,,0.0543
76.663216,61.16355,2019-03-19,,0.5075
76.66365,61.163322,2019-03-19,,0.1148
76.66315,61.16416,2019-03-19,,0.0554
76.911766,61.173862,2019-03-19,,0.0137
76.61552,61.18084,2019-03-19,,0.0456
76.82709,61.039566,2020-03-11,2019-01-03,0.0718
76.93103,61.046364,2020-03-11,2019-01-09,0.0765
76.92392,61.033638,2020-03-11,2019-01-15,0.0034
76.93975,61.17345,2020-03-11,2019-01-15,0.0184
76.85964,61.16686,2020-03-11,2019-01-16,0.0572
76.84195,61.06996,2020-03-11,2019-01-21,0.0276
76.88743,61.23115,2020-03-11,2019-01-24,0.0866
76.726395,61.035625,2020-03-11,2019-01-29,0.0565
76.73376,61.25111,2020-03-11,2019-02-02,0.0382
76.92462,61.093792,2020-03-11,2019-02-03,0.0338
76.80618,61.10314,2020-03-11,2019-02-12,0.0625
76.87123,61.12631,2020-03-11,2019-02-18,0.0137
76.90546,61.166862,2020-03-11,2019-03-10,0.1088
76.91119,61.168392,2020-03-11,2019-03-11,0.2364
76.81745,61.045914,2020-03-11,2019-03-12,0.0282
76.775406,61.060116,2020-03-11,2019-03-12,0.1883
76.84111,61.05804,2020-03-11,2019-03-14,0.1776
76.53178,61.204865,2020-03-11,2019-03-16,0.1354
76.80491,61.200943,2020-03-11,2019-03-19,0.0182
76.37685,61.026745,2020-03-11,2019-03-23,0.2078
76.56502,61.109116,2020-03-11,2019-03-25,0.0049
76.86991,61.064808,2020-03-11,2019-03-27,0.2363
76.65473,61.17995,2020-03-11,2019-03-28,0.0821
76.81858,61.029152,2020-03-11,2019-03-31,0.0388
76.61145,61.16073,2020-03-11,2019-04-05,0.0079
76.8546,61.06468,2020-03-11,2019-04-05,0.0376
76.88528,61.21447,2020-03-11,2019-04-05,0.0545
76.83609,61.17672,2020-03-11,2019-04-07,0.0111
76.945015,61.131683,2020-03-11,2019-04-07,0.0363
76.88752,61.038383,2020-03-11,2019-04-10,0.006
76.62943,61.06758,2020-03-11,2019-04-12,0.1741
76.80299,61.05173,2020-03-11,2019-04-16,0.0951
76.54978,61.127583,2020-03-11,2019-04-16,0.0642
76.78707,61.051437,2020-03-11,2019-04-18,0.0211
76.80917,61.07032,2020-03-11,2019-04-20,0.3198
76.88886,61.23655,2020-03-11,2019-04-22,0.0579
76.62286,61.254868,2020-03-11,2019-04-25,0.0022
76.70998,61.272854,2020-03-11,2019-05-02,0.0335
76.6145,61.08058,2020-03-11,2019-05-10,0.0285
76.91503,61.06157,2020-03-11,2019-05-12,0.0636
76.64013,61.165276,2020-03-11,2019-05-18,0.0132
76.61153,61.14342,2020-03-11,2019-05-20,0.0157
76.58434,61.14169,2020-03-11,2019-05-25,0.0439
76.538795,61.31589,2020-03-11,2019-05-29,0.0412
76.92455,61.249367,2020-03-11,2019-05-31,0.0003
76.67353,61.245262,2020-03-11,2019-06-10,0.1614
76.914474,61.06089,2020-03-11,2019-06-11,0.0444
76.54435,61.12766,2020-03-11,2019-06-13,0.0504
76.73998,61.04586,2020-03-11,2019-06-14,0.0539
76.60539,61.154007,2020-03-11,2019-06-15,0.0337
76.53408,61.3031,2020-03-11,2019-06-20,0.0948
76.84425,61.190536,2020-03-11,2019-06-24,0.1048
76.448784,61.249813,2020-03-11,2019-06-29,0.0458
76.78,61.11768,2020-03-11,2019-06-30,0.0138
76.87804,61.179283,2020-03-11,2019-07-02,0.0513
76.67459,61.23122,2020-03-11,2019-07-03,0.2278
76.87674,61.084778,2020-03-11,2019-07-04,0.0121
76.44742,61.25083,2020-03-11,2019-07-04,0.1327
76.93077,61.068478,2020-03-11,2019-07-05,0.0206
76.786026,61.058575,2020-03-11,2019-07-09,0.0325
76.38453,61.03034,2020-03-11,2019-07-10,0.0164
76.494514,61.360985,2020-03-11,2019-07-11,0.1782
76.81919,61.083878,2020-03-11,2019-07-12,0.0819
76.90508,61.166767,2020-03-11,2019-07-16,0.0147
76.62166,61.216152,2020-03-11,2019-07-16,0.0188
76.89851,61.0598,2020-03-11,2019-07-16,0.0968
76.847916,61.01921,2020-03-11,2019-07-26,0.1247
76.65554,61.097073,2020-03-11,2019-07-29,0.0164
76.53749,61.315514,2020-03-11,2019-07-31,0.2604
76.587074,61.26073,2020-03-11,2019-12-05,0.0655
76.936676,61.062214,2020-03-11,2019-08-01,0.0083
76.71364,61.05225,2020-03-11,2019-08-04,0.1327
76.58286,61.168144,2020-03-11,2019-08-07,0.1184
76.83662,61.03091,2020-03-11,2019-08-08,0.0752
76.63966,61.02665,2020-03-11,2019-08-09,0.0044
76.92065,61.124493,2020-03-11,2019-08-10,0.1149
76.31491,61.20266,2020-03-11,2019-08-16,0.1914
76.65173,61.145893,2020-03-11,2019-08-20,0.0074
76.91789,61.05582,2020-03-11,2019-08-21,0.0358
76.75244,61.046658,2020-03-11,2019-08-22,0.0333
76.88585,61.09293,2020-03-11,2019-08-24,0.0959
76.638016,61.194855,2020-03-11,2019-08-24,0.2023
76.67267,61.171474,2020-03-11,2019-08-28,0.0892
76.7675,61.007767,2020-03-11,2019-08-28,0.0008
76.87443,61.061012,2020-03-11,2019-08-29,0.0508
76.65849,61.10313,2020-03-11,2019-08-29,0.2299
76.65698,61.180668,2020-03-11,2019-08-29,0.0659
76.73189,61.145996,2020-03-11,2019-08-29,0.1538
76.95393,61.17647,2020-03-11,2019-09-05,0.0442
76.94777,61.0668,2020-03-11,2019-09-08,0.0019
76.957504,61.038666,2020-03-11,2019-09-08,0.0039
76.67014,61.115097,2020-03-11,2019-09-17,0.0223
76.70115,61.087803,2020-03-11,2019-09-19,0.037
76.49769,61.361225,2020-03-11,2019-09-20,0.0532
76.40817,61.238945,2020-03-11,2019-11-18,0.0682
76.83936,61.17279,2020-03-11,2019-10-02,0.0455
76.78611,61.001938,2020-03-11,2019-10-02,0.0277
76.913025,61.134937,2020-03-11,2019-10-03,0.0495
76.95268,61.1766,2020-03-11,2019-10-06,0.0054
76.41628,61.029884,2020-03-11,2019-10-09,0.0539
76.624344,61.238888,2020-03-11,2019-10-12,0.0097
76.65205,61.19487,2020-03-11,2019-10-27,0.0217
76.42723,61.04641,2020-03-11,2019-11-01,0.05
76.76887,61.1515,2020-03-11,2019-11-04,0.0893
76.83613,61.24715,2020-03-11,2019-11-07,0.0678
76.798676,61.214718,2020-03-11,2019-11-15,0.0099
76.610886,61.07849,2020-03-11,2019-11-15,0.0222
76.60535,61.22343,2020-03-11,2019-11-18,0.0064
76.76894,61.015553,2020-03-11,2019-11-19,0.2084
76.75914,61.106266,2020-03-11,2019-11-22,0.0144
76.64413,61.09233,2020-03-11,2019-11-23,0.1818
76.76224,61.15022,2020-03-11,2019-11-26,0.0389
76.869,61.240665,2020-03-11,2019-12-07,0.3551
76.82017,61.151463,2020-03-11,2019-12-02,0.0357
76.585594,61.25933,2020-03-11,2019-12-05,0.0263
76.417366,61.216373,2020-03-11,2019-12-06,0.0693
76.7125,61.07765,2020-03-11,2019-12-06,0.0144
76.93074,61.167377,2020-03-11,2019-12-06,0.0883
76.734665,61.069965,2020-03-11,2019-12-08,0.0363
76.70805,61.075706,2020-03-11,2019-12-09,0.0103
76.83932,61.196217,2020-03-11,2019-12-11,0.0358
76.86691,61.189175,2020-03-11,2019-12-11,0.1563
76.64948,61.10054,2020-03-11,2019-12-21,0.2454
76.86488,61.00894,2020-03-11,2019-12-23,0.0639
76.590324,61.0824,2020-03-11,2019-12-27,0.0145
76.88828,61.190872,2020-03-11,2019-12-30,0.0134
76.74204,61.141,2020-03-11,2019-12-31,0.0087
76.45746,61.319946,2020-03-11,2019-12-08,0.0018
76.76379,61.15039,2021-03-02,2020-01-02,0.0373
76.885284,61.03902,2021-03-02,2020-01-03,0.1457
76.95797,61.106266,2021-03-02,2020-01-03,0.0925
76.4361,61.28833,2021-03-02,2020-01-13,0.0355
76.875305,61.21556,2021-03-02,2020-01-18,0.1703
76.7027,61.168156,2021-03-02,2020-01-20,0.0105
76.98278,61.008568,2021-03-02,2020-01-24,0.1228
76.76594,61.045887,2021-03-02,2020-02-01,0.109
76.41251,61.239586,2021-03-02,2020-02-02,0.0699
76.8551,61.067104,2021-03-02,2020-02-04,0.2688
76.834114,61.242916,2021-03-02,2020-02-06,0.0313
76.931,61.138454,2021-03-02,2020-02-07,0.0085
76.60664,61.271233,2021-03-02,2020-02-08,0.0657
76.78011,61.06071,2021-03-02,2020-02-10,0.0099
76.493866,61.1624,2021-03-02,2020-02-19,0.2456
76.733696,61.251564,2021-03-02,2020-02-21,0.2165
76.82234,61.042053,2021-03-02,2020-02-24,0.126
76.86048,61.20739,2021-03-02,2020-02-26,0.197
76.47907,61.026802,2021-03-02,2020-02-27,0.0956
76.878006,61.07581,2021-03-02,2020-03-03,0.0213
76.76637,61.020157,2021-03-02,2020-03-09,0.0588
76.570305,61.20876,2021-03-02,2020-03-14,0.0399
76.859566,61.18837,2021-03-02,2020-03-14,0.0645
76.533485,61.149185,2021-03-02,2020-03-21,0.242
76.660225,61.076557,2021-03-02,2020-03-23,0.1243
76.42518,61.337593,2021-03-02,2020-03-25,0.0473
76.9176,61.245304,2021-03-02,2020-04-01,0.0276
76.77996,61.007088,2021-03-02,2020-04-08,0.0769
76.562454,61.18181,2021-03-02,2020-04-10,0.0488
76.44771,61.318703,2021-03-02,2020-04-15,0.1611
76.726425,61.144814,2021-03-02,2020-04-15,0.029
76.81279,61.221153,2021-03-02,2020-04-17,0.0503
76.875854,61.2154,2021-03-02,2020-04-20,0.22
76.54734,61.222034,2021-03-02,2020-04-21,0.0259
76.72838,61.24542,2021-03-02,2020-04-22,1e-04
76.625114,61.18351,2021-03-02,2020-04-23,0.0897
76.580055,61.167694,2021-03-02,2020-04-27,0.0238
76.82039,61.206734,2021-03-02,2020-04-27,0.0298
76.94026,61.1738,2021-03-02,2020-04-28,0.0016
76.82005,61.031357,2021-03-02,2020-05-02,0.0383
76.612526,61.491707,2021-03-02,2020-05-04,0.2682
76.593796,61.135834,2021-03-02,2020-05-07,0.0006
76.696915,61.245434,2021-03-02,2020-05-15,0.0377
76.75655,61.112423,2021-03-02,2020-05-18,0.0072
76.74683,61.122604,2021-03-02,2020-05-23,0.2152
76.78053,61.006794,2021-03-02,2020-05-27,0.0286
76.41635,61.029408,2021-03-02,2020-06-06,0.0064
76.86645,61.179432,2021-03-02,2020-06-09,0.011
76.61092,61.08819,2021-03-02,2020-06-12,0.0062
76.570755,61.25064,2021-03-02,2020-06-15,0.16
76.787254,61.051346,2021-03-02,2020-06-18,0.0544
76.61149,61.074238,2021-03-02,2020-06-26,0.0681
76.54491,61.148445,2021-03-02,2020-06-30,0.2431
76.785706,61.046963,2021-03-02,2020-07-02,0.285
76.5482,61.102875,2021-03-02,2020-07-09,0.0807
76.63577,61.282204,2021-03-02,2020-07-12,0.0286
76.93945,61.165012,2021-03-02,2020-07-12,0.0123
76.68037,61.039627,2021-03-02,2020-07-19,0.0185
76.95837,61.112003,2021-03-02,2020-07-23,0.0374
76.91775,61.199562,2021-03-02,2020-07-24,0.0061
76.70589,61.1339,2021-03-02,2020-07-28,0.0425
76.77887,61.04044,2021-03-02,2020-08-02,0.2861
76.77062,61.154903,2021-03-02,2020-08-04,0.1015
76.513664,61.139885,2021-03-02,2020-08-07,0.2748
76.51949,61.151352,2021-03-02,2020-08-08,0.0732
76.7438,61.13985,2021-03-02,2020-08-09,0.0313
76.862175,61.01006,2021-03-02,2020-08-09,0.098
76.60555,61.0741,2021-03-02,2020-08-13,0.0481
76.641815,61.19499,2021-03-02,2020-08-16,0.0531
76.7111,61.038918,2021-03-02,2020-08-18,0.1825
76.52346,61.214424,2021-03-02,2020-08-21,0.0206
76.95819,61.16594,2021-03-02,2020-08-22,0.0422
76.6693,61.115086,2021-03-02,2020-08-23,0.0988
76.53302,61.14989,2021-03-02,2020-08-23,0.2488
76.76629,61.11027,2021-03-02,2020-08-28,0.0199
76.44724,61.305363,2021-03-02,2020-08-28,0.0736
76.615395,61.158314,2021-03-02,2020-08-30,0.1458
77.007935,61.055992,2021-03-02,2020-09-04,0.0654
76.87682,61.21533,2021-03-02,2020-09-05,0.2656
76.9813,61.008236,2021-03-02,2020-09-05,0.0026
76.71887,61.05083,2021-03-02,2020-09-06,0.0192
76.67941,61.243725,2021-03-02,2020-09-08,0.033
76.688515,61.30089,2021-03-02,2020-09-09,0.2643
76.93007,61.16693,2021-03-02,2020-09-11,0.0025
76.949196,61.215103,2021-03-02,2020-09-12,0.0105
76.89977,61.09106,2021-03-02,2020-09-12,0.0062
76.89065,61.04977,2021-03-02,2020-09-13,0.0297
76.94196,61.17285,2021-03-02,2020-09-17,0.0007
76.67419,61.234364,2021-03-02,2020-09-19,0.0084
76.47812,61.0271,2021-03-02,2020-09-20,0.0015
76.84879,61.01965,2021-03-02,2020-09-20,0.0002
76.805336,61.200695,2021-03-02,2020-09-20,0.0181
76.84114,61.068527,2021-03-02,2020-09-21,0.0361
76.919945,61.09073,2021-03-02,2020-09-21,0.0277
76.682556,61.23616,2021-03-02,2020-09-22,0.0678
76.79589,61.141136,2021-03-02,2020-09-24,0.2364
76.82465,61.204414,2021-03-02,2020-09-25,0.0856
76.698875,61.16479,2021-03-02,2020-09-26,0.0355
76.948326,61.16133,2021-03-02,2020-09-27,0.2484
76.48901,61.260387,2021-03-02,2020-09-29,0.1973
76.75296,61.178974,2021-03-02,2020-09-30,0.0652
76.75564,61.254387,2021-03-02,2020-10-02,0.028
76.825264,61.046787,2021-03-02,2020-10-06,0.0205
76.61109,61.088238,2021-03-02,2020-10-07,0.064
76.93294,61.04732,2021-03-02,2020-10-10,0.0337
76.90049,61.138027,2021-03-02,2020-10-10,0.2451
76.66269,61.26038,2021-03-02,2020-10-12,0.2745
76.8773,61.17911,2021-03-02,2020-10-14,0.0832
76.76431,61.26011,2021-03-02,2020-10-15,0.149
76.85824,61.17495,2021-03-02,2020-10-16,0.0745
76.61013,61.08797,2021-03-02,2020-10-20,0.0395
76.79702,61.193672,2021-03-02,2020-10-22,0.005
76.90841,61.056324,2021-03-02,2020-10-22,0.099
76.95412,61.033203,2021-03-02,2020-10-27,0.011
76.80227,61.127453,2021-03-02,2020-10-30,0.1483
76.69527,61.17424,2021-03-02,2020-11-02,0.0689
76.53937,61.20025,2021-03-02,2020-11-03,0.0054
76.88845,61.191017,2021-03-02,2020-11-08,0.0097
76.78651,61.046757,2021-03-02,2020-11-08,0.0184
76.68208,61.29708,2021-03-02,2020-11-10,0.0143
76.63989,61.16542,2021-03-02,2020-11-11,0.022
76.82357,61.042274,2021-03-02,2020-11-11,0.0511
76.917496,61.0681,2021-03-02,2020-11-12,0.0107
76.595245,61.099285,2021-03-02,2020-11-13,0.0302
76.930374,61.16798,2021-03-02,2020-11-17,0.083
76.95156,61.03327,2021-03-02,2020-11-18,0.0101
76.858185,61.1899,2021-03-02,2020-11-19,0.0492
76.67556,61.225986,2021-03-02,2020-11-22,0.2599
76.526,61.3152,2021-03-02,2020-11-22,0.0103
76.93353,61.166176,2021-03-02,2020-11-22,0.0987
76.63412,61.174763,2021-03-02,2020-12-03,0.0834
76.80769,61.083813,2021-03-02,2020-12-05,0.0298
76.85399,61.247887,2021-03-02,2020-12-06,0.0139
76.2921,61.189785,2021-03-02,2020-12-07,0.0148
76.569916,61.208378,2021-03-02,2020-12-09,0.2336
76.524445,61.20941,2021-03-02,2020-12-10,0.0968
76.59206,61.070873,2021-03-02,2020-12-10,0.1566
76.96288,61.119686,2021-03-02,2020-12-15,0.0197
76.66366,61.031006,2021-03-02,2020-12-16,0.2436
76.75313,61.179092,2021-03-02,2020-12-16,0.0363
76.682846,61.037693,2021-03-02,2020-12-17,0.0176
76.61906,61.216087,2021-03-02,2020-12-18,0.0418
76.724075,61.21352,2021-03-02,2020-12-19,0.044
76.50554,61.004982,2021-03-02,2020-12-23,0.0365
76.888115,61.224697,2021-03-02,2020-12-23,0.0615
76.61296,61.074123,2021-03-02,2020-12-24,0.0801
76.47974,61.042465,2021-03-02,2020-12-24,0.0196
76.76344,61.260883,2021-03-02,2020-12-24,0.0948
76.756775,61.112484,2021-03-02,2020-12-25,0.0692
76.558174,61.18082,2021-03-02,2020-12-26,0.0208
76.61665,61.082302,2021-03-02,2020-12-27,0.0482
76.58611,61.140648,2021-03-02,2020-12-28,0.2966
76.83795,61.00069,2021-03-02,2020-12-28,0.1367
76.65148,61.258488,2021-03-02,2020-12-29,0.0894
76.74825,61.400223,2017-02-15,2016-01-06,0.034
76.83422,61.361786,2017-02-15,2016-01-08,0.0305
76.729744,61.349358,2017-02-15,2016-01-10,0.0035
76.73151,61.302505,2017-02-15,2016-01-16,0.0178
76.823395,61.256725,2017-02-15,2016-01-20,0.0162
76.50508,61.506924,2017-02-15,2016-02-25,0.0223
76.83347,61.284985,2017-02-15,2016-03-13,0.1234
76.67371,61.37517,2017-02-15,2016-05-11,0.1776
76.74874,61.345966,2017-02-15,2016-05-14,0.0736
76.81102,61.26823,2017-02-15,2016-05-15,0.0141
76.67852,61.374016,2017-02-15,2016-06-03,0.1091
76.64211,61.37944,2017-02-15,2016-06-04,0.156
76.890175,61.30618,2017-02-15,2016-06-26,0.018
76.800186,61.265186,2017-02-15,2016-07-07,0.1661
76.80179,61.320312,2017-02-15,2016-07-13,0.0394
76.83225,61.295403,2017-02-15,2016-07-18,0.0064
76.604645,61.35953,2017-02-15,2016-09-09,0.0088
76.63562,61.417797,2017-02-15,2016-09-17,0.0116
76.644966,61.429733,2017-02-15,2016-09-18,0.0681
76.74522,61.35623,2017-02-15,2016-10-16,0.0419
76.746284,61.35718,2017-02-15,2016-10-16,0.0382
76.544,61.427513,2017-02-15,2016-10-26,0.0222
76.8576,61.2922,2017-02-15,2016-11-02,0.0062
76.80516,61.344757,2017-02-15,2016-11-03,0.2098
76.60214,61.415154,2017-02-15,2016-11-12,0.06
76.509544,61.531265,2017-02-15,2016-11-20,0.0182
76.53028,61.547337,2017-02-15,2016-11-25,0.0097
76.84697,61.304317,2017-02-15,2016-11-27,0.0163
76.42796,61.58874,2018-02-15,2017-01-03,0.0026
76.76814,61.35299,2018-02-15,2017-01-13,0.058
76.82588,61.282265,2018-02-15,2017-01-17,0.0281
76.73225,61.28311,2018-02-15,2017-01-23,0.0733
76.752594,61.300613,2018-02-15,2017-01-27,0.1751
76.831375,61.291386,2018-02-15,2017-01-30,0.0103
76.66808,61.37676,2018-02-15,2017-01-31,0.0452
76.891525,61.316475,2018-02-15,2017-02-01,0.0679
76.6631,61.377743,2018-02-15,2017-02-21,0.0102
76.63825,61.379147,2018-02-15,2017-02-26,0.0323
76.73259,61.28255,2018-02-15,2017-02-26,0.0262
76.68688,61.377666,2018-02-15,2017-02-26,0.0541
76.625854,61.377907,2018-02-15,2017-03-01,0.0142
76.60474,61.3596,2018-02-15,2017-03-10,0.0317
76.629616,61.434185,2018-02-15,2017-03-11,0.0457
76.82589,61.28227,2018-02-15,2017-04-03,0.03
76.636665,61.363472,2018-02-15,2017-04-06,0.0628
76.83128,61.291348,2018-02-15,2017-04-06,0.034
76.81445,61.29412,2018-02-15,2017-04-21,0.009
76.8114,61.26831,2018-02-15,2017-04-24,0.0752
76.68105,61.34835,2018-02-15,2017-04-28,0.0023
76.88475,61.29215,2018-02-15,2017-05-01,0.0052
76.73332,61.17082,2018-02-15,2017-05-05,0.4502
76.42554,61.570675,2018-02-15,2017-05-06,0.0195
76.74104,61.354584,2018-02-15,2017-05-08,0.0564
76.66728,61.376934,2018-02-15,2017-05-13,0.0105
76.62655,61.377228,2018-02-15,2017-05-14,0.0589
76.42659,61.579247,2018-02-15,2017-05-14,0.0384
76.61536,61.474857,2018-02-15,2017-05-21,0.1293
76.83296,61.28681,2018-02-15,2017-05-26,0.0894
76.93309,61.314762,2018-02-15,2017-06-06,0.0317
76.58811,61.36607,2018-02-15,2017-06-06,0.0282
76.69472,61.32506,2018-02-15,2017-06-08,0.4435
76.62783,61.377377,2018-02-15,2017-06-10,0.0054
76.62783,61.377377,2018-02-15,2017-06-12,0.0056
76.425575,61.570686,2018-02-15,2017-06-15,0.0146
76.65243,61.38891,2018-02-15,2017-06-17,1.0219
76.57319,61.4404,2018-02-15,2017-07-04,0.034
76.47359,61.582706,2018-02-15,2017-07-10,0.0633
76.76423,61.2545,2018-02-15,2017-07-15,0.2832
76.42409,61.570087,2018-02-15,2017-07-20,0.062
76.6296,61.434185,2018-02-15,2017-07-28,0.0726
76.62101,61.36061,2018-02-15,2017-08-10,0.0872
76.65496,61.337925,2018-02-15,2017-08-12,0.0772
76.66992,61.43122,2018-02-15,2017-08-17,0.4443
76.645996,61.379623,2018-02-15,2017-08-18,0.2044
76.48893,61.450806,2018-02-15,2017-08-24,0.3502
76.73138,61.3025,2018-02-15,2017-08-24,0.0171
76.61538,61.474888,2018-02-15,2017-08-24,0.3133
76.8306,61.297424,2018-02-15,2017-08-28,0.179
76.44846,61.516945,2018-02-15,2017-09-03,0.0022
76.6031,61.358913,2018-02-15,2017-09-05,0.1308
76.61097,61.370216,2018-02-15,2017-09-10,0.3873
76.60102,61.418545,2018-02-15,2017-09-12,0.0418
76.61062,61.322395,2018-02-15,2017-09-17,0.0361
76.77069,61.379333,2018-02-15,2017-09-16,0.0319
76.48891,61.450794,2018-02-15,2017-09-29,0.2842
76.59431,61.483982,2018-02-15,2017-10-17,0.1185
76.42414,61.57013,2018-02-15,2017-10-17,0.0201
76.67876,61.36929,2018-02-15,2017-10-18,0.0462
76.62962,61.43419,2018-02-15,2017-10-22,0.0522
76.67796,61.366474,2018-02-15,2017-10-25,0.0751
76.4242,61.570114,2018-02-15,2017-10-27,0.0042
76.63943,61.459476,2018-02-15,2017-10-30,0.0412
76.623505,61.376343,2018-02-15,2017-11-09,0.0123
76.59121,61.422504,2018-02-15,2017-11-16,0.2947
76.679634,61.36192,2018-02-15,2017-11-16,0.4302
76.67,61.37611,2018-02-15,2017-11-18,0.049
76.67863,61.369164,2018-02-15,2017-11-20,0.0021
76.66686,61.35087,2018-02-15,2017-11-21,0.012
76.66801,61.332108,2018-02-15,2017-11-24,0.0629
76.603096,61.358906,2018-02-15,2017-11-26,0.0071
76.603516,61.434704,2018-02-15,2017-12-17,0.0107
76.58627,61.438374,2018-02-15,2017-12-22,0.0525
76.677795,61.36762,2018-02-15,2017-12-25,0.0442
76.4892,61.450626,2018-02-15,2017-12-26,0.1832
76.78638,61.28411,2018-02-15,2017-12-29,0.0114
76.591354,61.42242,2018-02-15,2017-12-30,0.2956
76.42418,61.57009,2019-03-19,2018-01-01,0.0286
76.81385,61.29444,2019-03-19,2018-01-07,0.002
76.70553,61.3445,2019-03-19,2018-01-09,0.0692
76.833,61.286674,2019-03-19,2018-01-13,0.0202
76.56971,61.430428,2019-03-19,2018-01-14,0.0097
76.48937,61.45049,2019-03-19,2018-01-18,0.2375
76.69131,61.334698,2019-03-19,2018-01-19,0.0977
76.681145,61.348568,2019-03-19,2018-01-19,0.0215
76.66197,61.429363,2019-03-19,2018-01-21,0.2392
76.91506,61.319473,2019-03-19,2018-01-30,0.0148
76.4895,61.450405,2019-03-19,2018-02-03,0.2195
76.76083,61.297752,2019-03-19,2018-02-06,0.0622
76.73142,61.3025,2019-03-19,2018-02-07,0.0154
76.5914,61.422405,2019-03-19,2018-02-10,0.1596
76.811646,61.268883,2019-03-19,2018-02-13,0.0188
76.61098,61.37021,2019-03-19,2018-02-14,0.1233
76.646736,61.433853,2019-03-19,2018-02-17,0.0254
76.634674,61.410995,2019-03-19,2018-02-28,0.005
76.67291,61.38072,2019-03-19,2018-03-04,0.0142
76.60311,61.358913,2019-03-19,2018-03-08,0.055
76.62812,61.377426,2019-03-19,2018-03-18,0.057
76.67078,61.39504,2019-03-19,2018-03-25,0.0154
76.8051,61.26658,2019-03-19,2018-03-31,0.1202
76.76556,61.29972,2019-03-19,2018-04-05,0.0054
76.82519,61.2572,2019-03-19,2018-04-07,0.0053
76.681786,61.320606,2019-03-19,2018-04-08,0.1306
76.82802,61.29632,2019-03-19,2018-04-09,0.0749
76.49136,61.500645,2019-03-19,2018-04-09,0.0221
76.42418,61.5701,2019-03-19,2018-04-14,0.0
76.85898,61.292713,2019-03-19,2018-04-17,0.0628
76.83532,61.293987,2019-03-19,2018-04-19,0.1439
76.84269,61.291733,2019-03-19,2018-04-21,0.0221
76.852295,61.290215,2019-03-19,2018-04-21,0.2486
76.631065,61.356453,2019-03-19,2018-04-06,0.0779
76.577866,61.42821,2019-03-19,2018-05-03,0.0567
76.78476,61.277355,2019-03-19,2018-05-07,0.0156
76.637314,61.353798,2019-03-19,2018-05-17,0.1217
76.44509,61.56991,2019-03-19,2018-05-26,0.031
76.61526,61.37374,2019-03-19,2018-05-28,0.0726
76.622444,61.376045,2019-03-19,2018-05-30,0.0359
76.691605,61.33703,2019-03-19,2018-05-30,2.6178
76.768166,61.35302,2019-03-19,2018-05-30,0.0141
76.73216,61.34888,2019-03-19,2018-06-01,0.2792
76.58472,61.44461,2019-03-19,2018-06-06,0.0164
76.815865,61.29405,2019-03-19,2018-06-11,0.1015
76.577286,61.42831,2019-03-19,2018-06-13,0.0587
76.71724,61.35469,2019-03-19,2018-06-20,0.1993
76.63152,61.45221,2019-03-19,2018-06-21,0.0522
76.68773,61.430237,2019-03-19,2018-06-28,0.1677
76.49151,61.448967,2019-03-19,2018-07-02,0.3062
76.82822,61.295483,2019-03-19,2018-07-23,0.1129
76.814445,61.29411,2019-03-19,2018-07-25,0.18
76.746025,61.308952,2019-03-19,2018-07-28,0.0205
76.67297,61.380695,2019-03-19,2018-07-29,0.0272
76.48624,61.45585,2019-03-19,2018-07-29,0.0375
76.79199,61.286774,2019-03-19,2018-08-02,0.0253
76.624535,61.37685,2019-03-19,2018-08-07,0.1183
76.604195,61.45705,2019-03-19,2018-08-11,0.1362
76.90206,61.263382,2019-03-19,2018-08-12,0.0147
76.49118,61.500626,2019-03-19,2018-08-19,0.0276
76.48958,61.450344,2019-03-19,2018-08-22,0.2867
76.766884,61.29956,2019-03-19,2018-08-24,0.2915
76.767075,61.299557,2019-03-19,2018-08-27,0.2558
76.61526,61.37374,2019-03-19,2018-08-28,0.0258
76.76748,61.29954,2019-03-19,2018-08-31,0.1322
76.4612,61.582245,2019-03-19,2018-09-01,0.0218
76.8318,61.2589,2019-03-19,2018-09-16,0.0135
76.63747,61.365192,2019-03-19,2018-09-19,0.0386
76.67222,61.380966,2019-03-19,2018-09-30,0.0037
76.584625,61.444824,2019-03-19,2018-10-02,0.0493
77.016,61.257324,2019-03-19,2018-10-05,0.0016
76.66956,61.445107,2019-03-19,2018-10-08,0.1518
76.64689,61.431686,2019-03-19,2018-10-09,0.0343
76.6698,61.445126,2019-03-19,2018-10-22,0.2637
76.67275,61.380775,2019-03-19,2018-10-29,0.0013
76.42558,61.57069,2019-03-19,2018-11-05,0.0093
76.693825,61.346195,2019-03-19,2018-11-07,0.0081
76.49257,61.500607,2019-03-19,2018-11-12,0.0226
76.905235,61.298836,2019-03-19,2018-11-14,0.018
76.67163,61.38118,2019-03-19,2018-11-25,0.0113
76.67016,61.445156,2019-03-19,2018-12-06,0.0231
76.69111,61.33363,2019-03-19,2018-12-13,0.1252
76.48964,61.4503,2019-03-19,2018-12-18,0.2551
76.730804,61.325165,2019-03-19,2018-12-30,0.09
76.76657,61.29089,2019-03-19,,0.0619
76.76634,61.29068,2019-03-19,,0.0935
76.766785,61.29106,2019-03-19,,0.0242
76.82306,61.29197,2019-03-19,,0.0334
76.85962,61.26553,2019-03-19,,0.0132
76.824196,61.2925,2019-03-19,,0.0953
76.89344,61.29016,2019-03-19,,0.016
76.81872,61.25526,2019-03-19,,0.0085
76.765854,61.29041,2019-03-19,,0.0828
76.712326,61.3432,2019-03-19,,0.0057
76.63546,61.41055,2019-03-19,,0.0655
76.69048,61.34819,2019-03-19,,0.137
76.810936,61.2951,2019-03-19,,0.0057
76.66956,61.3822,2019-03-19,,0.0213
76.669586,61.3819,2019-03-19,,0.0073
76.675,61.3777,2019-03-19,,0.0056
76.71814,61.3156,2019-03-19,,0.057
76.69115,61.33744,2019-03-19,,0.418
76.73561,61.27527,2019-03-19,,0.0038
76.52461,61.5396,2019-03-19,,0.0277
76.501335,61.57018,2019-03-19,,0.0751
76.55617,61.5287,2019-03-19,,0.0194
76.55599,61.5285,2019-03-19,,0.0255
76.60893,61.48795,2019-03-19,,0.0042
76.60633,61.3441,2019-03-19,,0.0582
76.58859,61.3631,2019-03-19,,0.0064
76.5465,61.4254,2019-03-19,,0.0499
76.58766,61.3655,2019-03-19,,0.0129
76.64826,61.40673,2019-03-19,,0.0037
76.6265,61.34855,2019-03-19,,0.0705
76.627686,61.34875,2019-03-19,,0.0446
76.67523,61.3813,2019-03-19,,0.032
76.65374,61.3243,2019-03-19,,0.0119
76.42247,61.5064,2019-03-19,,0.0621
76.77893,61.30564,2019-03-19,,0.0222
76.777664,61.30602,2019-03-19,,0.0141
76.60352,61.34053,2019-03-19,,0.1382
76.6025,61.33949,2019-03-19,,0.0417
76.60325,61.33917,2019-03-19,,0.005
76.64861,61.3158,2019-03-19,,0.0254
76.60813,61.3472,2019-03-19,,0.0193
76.67422,61.3815,2019-03-19,,0.0174
76.67349,61.3815,2019-03-19,,0.009
76.80093,61.29526,2019-03-19,,0.0517
76.60231,61.3462,2019-03-19,,0.0511
76.76567,61.29035,2019-03-19,,0.0046
76.688095,61.377808,2020-03-11,2019-01-21,0.0608
76.52564,61.499672,2020-03-11,2019-01-23,0.4067
76.66678,61.4302,2020-03-11,2019-02-03,0.0594
76.8239,61.293133,2020-03-11,2019-02-05,0.0121
76.71307,61.37234,2020-03-11,2019-02-12,0.8486
76.730835,61.34871,2020-03-11,2019-02-15,0.2211
76.765625,61.279236,2020-03-11,2019-02-17,0.0315
76.65275,61.379364,2020-03-11,2019-02-19,0.5064
76.67426,61.326576,2020-03-11,2019-02-27,0.0522
76.8372,61.259888,2020-03-11,2019-02-28,0.0409
76.72786,61.37062,2020-03-11,2019-05-29,0.3723
76.7562,61.337784,2020-03-11,2019-03-13,0.0339
76.78886,61.285534,2020-03-11,2019-03-16,0.1071
76.76064,61.274178,2020-03-11,2019-03-28,0.0377
76.59502,61.42034,2020-03-11,2019-04-04,0.2339
76.61586,61.311863,2020-03-11,2019-04-10,0.1495
76.75389,61.307903,2020-03-11,2019-04-21,0.0274
76.83801,61.338993,2020-03-11,2019-04-24,0.1777
76.61722,61.31289,2020-03-11,2019-04-29,0.0299
76.67029,61.394264,2020-03-11,2019-05-04,0.0905
76.60207,61.417355,2020-03-11,2019-05-14,0.1166
76.61261,61.42325,2020-03-11,2019-05-25,0.0697
76.63108,61.37791,2020-03-11,2019-06-19,0.2556
76.66896,61.376537,2020-03-11,2019-06-20,0.102
76.76449,61.300003,2020-03-11,2019-06-22,0.1351
76.833244,61.33745,2020-03-11,2019-12-21,0.2243
76.6702,61.327408,2020-03-11,2019-08-04,0.0403
76.8921,61.33927,2020-03-11,2019-08-06,0.0416
76.64072,61.39035,2020-03-11,2019-08-08,0.0616
76.69088,61.37713,2020-03-11,2019-08-10,0.0204
76.54053,61.499363,2020-03-11,2019-08-18,0.1338
76.77066,61.271282,2020-03-11,2019-08-20,0.0628
76.59061,61.331352,2020-03-11,2019-08-21,0.0298
76.717186,61.371826,2020-03-11,2019-09-11,0.1126
76.53621,61.424755,2020-03-11,2019-09-23,0.099
76.64181,61.42142,2020-03-11,2019-10-01,0.177
76.62164,61.41154,2020-03-11,2019-10-24,0.0472
76.57394,61.440334,2020-03-11,2019-10-25,0.0091
76.583984,61.49852,2020-03-11,2019-11-14,0.0161
76.62695,61.438763,2020-03-11,2019-11-25,0.0289
76.60353,61.434753,2020-03-11,2019-11-27,0.0194
76.62769,61.434937,2020-03-11,2019-12-08,0.0052
76.616844,61.455963,2020-03-11,2019-12-10,0.0078
76.50561,61.506996,2020-03-11,2019-12-20,0.0145
76.86396,61.30682,2020-03-11,2019-12-24,0.1798
76.618286,61.41175,2020-03-11,2019-06-29,0.2722
76.571724,61.4062,2020-03-11,2019-01-05,0.1401
76.58076,61.448883,2021-03-02,2020-01-05,0.0102
76.823616,61.293083,2021-03-02,2020-01-13,0.0538
76.59417,61.498318,2021-03-02,2020-01-24,0.014
76.53066,61.499523,2021-03-02,2020-01-27,0.0144
76.602905,61.412476,2021-03-02,2020-01-28,0.1998
76.57052,61.498756,2021-03-02,2020-02-02,0.0039
76.660866,61.429016,2021-03-02,2020-02-16,0.0112
76.52454,61.50291,2021-03-02,2020-02-27,0.0121
76.59193,61.33188,2021-03-02,2020-02-29,0.0366
76.5562,61.498955,2021-03-02,2020-03-01,0.0623
76.68044,61.423435,2021-03-02,2020-03-11,0.1116
76.74899,61.305904,2021-03-02,2020-03-12,0.0522
76.60583,61.457436,2021-03-02,2020-03-15,0.0766
76.74454,61.367565,2021-03-02,2020-03-17,0.0479
76.66522,61.430115,2021-03-02,2020-04-01,0.0025
76.623436,61.316784,2021-03-02,2020-04-09,0.003
76.6083,61.442295,2021-03-02,2020-04-10,0.034
76.62646,61.317863,2021-03-02,2020-04-11,0.003
76.62356,61.316833,2021-03-02,2020-04-16,0.02
76.64103,61.37932,2021-03-02,2020-04-27,0.2511
76.58466,61.431854,2021-03-02,2020-04-28,0.2128
76.58345,61.447052,2021-03-02,2020-04-29,0.1641
76.818695,61.322308,2021-03-02,2020-05-08,0.0292
76.60246,61.395153,2021-03-02,2020-05-11,0.0749
76.64762,61.410694,2021-03-02,2020-05-14,1e-04
76.71583,61.322166,2021-03-02,2020-05-18,0.0178
76.65976,61.37822,2021-03-02,2020-05-23,0.2607
76.76935,61.27749,2021-03-02,2020-05-24,0.025
76.80934,61.296215,2021-03-02,2020-05-25,0.0887
76.73723,61.353252,2021-03-02,2020-05-31,0.0319
76.516205,61.44405,2021-03-02,2020-06-04,0.0696
76.65134,61.434383,2021-03-02,2020-06-07,0.0094
76.53332,61.437016,2021-03-02,2020-06-08,0.289
76.68475,61.4299,2021-03-02,2020-06-10,0.0693
76.61255,61.37147,2021-03-02,2020-07-02,0.1217
76.640335,61.45988,2021-03-02,2020-07-03,0.0062
76.806694,61.27697,2021-03-02,2020-07-08,0.0034
76.51336,61.527164,2021-03-02,2020-07-24,0.2292
76.832146,61.297813,2021-03-02,2020-08-04,0.1366
76.85274,61.26283,2021-03-02,2020-09-01,0.0199
76.85648,61.26428,2021-03-02,2020-09-24,0.0609
76.8568,61.26436,2021-03-02,2020-09-25,0.0181
76.831276,61.297436,2021-03-02,2020-09-27,0.0523
76.4602,61.5834,2021-03-02,2020-10-07,0.0481
76.62015,61.49955,2021-03-02,2020-10-08,0.0428
76.72901,61.437416,2021-03-02,2020-10-10,0.001
76.681175,61.41949,2021-03-02,2020-10-17,0.0991
76.500885,61.53337,2021-03-02,2020-11-13,0.0793
76.85073,61.262054,2021-03-02,2020-11-27,0.0565
76.64726,61.40952,2021-03-02,2020-12-09,0.0264
76.54818,61.38625,2021-03-02,2020-12-11,0.0012
76.59719,61.47137,2021-03-02,2020-12-12,0.0066
76.832245,61.299126,2021-03-02,2020-12-14,0.1555
76.65527,61.378906,2021-03-02,2020-12-23,0.2682
77.596855,61.598312,2017-02-15,2016-01-23,0.003
77.59723,61.6667,2019-03-19,,0.0205
77.59728,61.628826,2020-03-11,2019-08-17,0.0059
77.59714,61.598427,2021-03-02,2020-07-20,0.0056
77.548386,61.69804,2021-03-02,2020-08-06,0.0103
77.60448,61.61939,2021-03-02,2020-11-23,0.2496
